﻿<?xml version="1.0" encoding="utf-8"?><meta xmlns:xsi="http://www.w3.org/2001/XMLSchema-instance" xmlns:xsd="http://www.w3.org/2001/XMLSchema"><project id="696XWMKoYN8" courseid="6QeDJ7R7VRw_course_id" thumburl="story_content/thumbnail.jpg" title="A1- Arrastrar y soltar" datepublished="2021-12-21T18:21:08" version="1.0.0.0" flashdata="story_content/data.swf" html5data="mobile/data.json" mobiledata="mobile/data.gz" enabledownload="false" duration="About 20 seconds" totalaudio="0" totalvideo="0"><description>Para el adecuado funcionamiento de la unidad pecuaria es necesario conocer los conceptos básicos.</description><keywords /><slidemeta moniker="slide" monikerplural="slides" viewslides="3" slidecountdescription="3 slides" /><author name="PC-Eux" email="" website="" /><application name="Articulate Storyline" version="3.52.25247.0" xmlversion="4.0" /></project></meta>